{"cameraMode":{"drawMode":0,"name":"Shaded","section":"Shading Mode"},"sceneLighting":false,"audioPlay":false,"sceneViewState":{"m_AlwaysRefresh":false,"showFog":true,"showSkybox":true,"showFlares":true,"showImageEffects":true,"showParticleSystems":true,"showVisualEffectGraphs":true,"m_FxEnabled":true},"in2DMode":false,"pivot":{"x":24.13010597229004,"y":21.142847061157228,"z":33.266841888427737},"rotation":{"x":0.5970480442047119,"y":0.13663999736309052,"z":-0.10397548228502274,"w":0.7837108373641968},"size":6.866026878356934,"orthographic":false}