{"cameraMode":{"drawMode":0,"name":"Shaded","section":"Shading Mode"},"sceneLighting":false,"audioPlay":false,"sceneViewState":{"m_AlwaysRefresh":false,"showFog":true,"showSkybox":false,"showFlares":true,"showImageEffects":true,"showParticleSystems":true,"showVisualEffectGraphs":true,"m_FxEnabled":true},"in2DMode":false,"pivot":{"x":-0.00208967924118042,"y":0.0904143750667572,"z":-0.12715482711791993},"rotation":{"x":-0.4064014256000519,"y":0.03342694416642189,"z":-0.014879651367664338,"w":-0.9129629731178284},"size":0.49341315031051638,"orthographic":false}