{"cameraMode":{"drawMode":0,"name":"Shaded","section":"Shading Mode"},"sceneLighting":false,"audioPlay":false,"sceneViewState":{"m_AlwaysRefresh":false,"showFog":true,"showSkybox":false,"showFlares":true,"showImageEffects":true,"showParticleSystems":true,"showVisualEffectGraphs":true,"m_FxEnabled":true},"in2DMode":false,"pivot":{"x":0.06165793538093567,"y":3.1034555435180666,"z":0.9948976039886475},"rotation":{"x":0.0027773187030106785,"y":0.7544464468955994,"z":-0.0031615770421922209,"w":0.6564731597900391},"size":3.673340320587158,"orthographic":false}