{"cameraMode":{"drawMode":0,"name":"Shaded","section":"Shading Mode"},"sceneLighting":false,"audioPlay":false,"sceneViewState":{"showFog":true,"showMaterialUpdate":false,"showSkybox":true,"showFlares":true,"showImageEffects":true,"showParticleSystems":true},"in2DMode":false,"pivot":{"x":252.34413146972657,"y":3.7994449138641359,"z":381.8916320800781},"rotation":{"x":0.037429794669151309,"y":-0.65274578332901,"z":-0.03235305845737457,"w":-0.7560274004936218},"size":15.290641784667969,"orthographic":false}